variable,count,mean,std,min,25%,50%,75%,max,original
dummy1,1000.0,0.00010373493463218261,0.011265171332623766,-0.0359573950159841,-0.0076686818779609246,0.0002873063661823,0.007757180624788224,0.0351284289661464,0.0065947581499976
dummy2,1000.0,-0.0001505928484471801,0.010629525628971886,-0.0343940776859881,-0.007438992174360875,-0.00012455292755925,0.006843169218710475,0.0334669601644925,0.0002783573373648
x1,1000.0,-0.06628667988429066,3.0399388003003436,-11.474238498827557,-1.9766910295962412,-0.1401621183784704,1.9279378595955536,28.20445696619752,28.20445696619752
x2,1000.0,-0.05828942971497756,7.952998312883065,-26.446099238761903,-5.4698884189231505,-0.34459331835038753,4.88283604637112,75.050461866087,75.050461866087
x3,1000.0,-0.033023717616844236,1.9064718231161006,-5.642751058016696,-1.2138598862963095,0.0037932395760016512,1.186632643968606,17.75495424996359,17.75495424996359
